Workbook

Sheet Tracker
A1: Synapse → Databricks bridge v9.5.8: implementation tracker
A2: Fill in the yellow columns (Owner, Status, dates, Notes). Readiness updates itself from the dependencies' status. See the Legend tab.
A4: ID | B4: Group | C4: Task | D4: Done when | E4: Package reference | F4: Dep 1 | G4: Dep 2 | H4: Dep 3 | I4: Dep 4 | J4: Owner | K4: Status | L4: Start date | M4: Target date | N4: Readiness | O4: Notes / risks
A5: 1 | B5: A. Platform setup | C5: Identities and secrets | D5: Principals created: orchestrator, CETAS login, Synapse managed identity, four Job Run-as principals, deployment identity. The three ODBC connection strings (BRIDGE_CONTROL_ODBC, BRIDGE_SYNAPSE_AUDIT_ODBC, BRIDGE_CETAS_ODBC) are in the secret store. | E5: README.md step 2; WHERE_TO_ENTER_VALUES.md | K5: Not started | N5: =IF(K5="Done","Done",IF(AND(IF(F5="",TRUE(),IFERROR(INDEX($K$5:$K$21,MATCH(F5,$A$5:$A$21,0))="Done",FALSE())),IF(G5="",TRUE(),IFERROR(INDEX($K$5:$K$21,MATCH(G5,$A$5:$A$21,0))="Done",FALSE())),IF(H5="",TRUE(),IFERROR(INDEX($K$5:$K$21,MATCH(H5,$A$5:$A$21,0))="Done",FALSE())),IF(I5="",TRUE(),IFERROR(INDEX($K$5:$K$21,MATCH(I5,$A$5:$A$21,0))="Done",FALSE()))),"Ready","Waiting")) -> Ready
A6: 2 | B6: A. Platform setup | C6: Azure SQL control database | D6: 01_azure_sql_control.sql run (or 03_upgrade_to_v9_5.sql for v9 to v9.5.5). One bridge.source_fence seed row inserted. Orchestration identity granted its rights, including SELECT on bridge.fence_events. | E6: sql/01, sql/03 | F6: 1 | K6: Not started | N6: =IF(K6="Done","Done",IF(AND(IF(F6="",TRUE(),IFERROR(INDEX($K$5:$K$21,MATCH(F6,$A$5:$A$21,0))="Done",FALSE())),IF(G6="",TRUE(),IFERROR(INDEX($K$5:$K$21,MATCH(G6,$A$5:$A$21,0))="Done",FALSE())),IF(H6="",TRUE(),IFERROR(INDEX($K$5:$K$21,MATCH(H6,$A$5:$A$21,0))="Done",FALSE())),IF(I6="",TRUE(),IFERROR(INDEX($K$5:$K$21,MATCH(I6,$A$5:$A$21,0))="Done",FALSE()))),"Ready","Waiting")) -> Waiting
A7: 3 | B7: A. Platform setup | C7: Synapse setup | D7: Database master key created by an administrator. 02_synapse_setup.sql run with the real ADLS LOCATION. Database-scoped CETAS grants applied. Managed identity has write/list access to staging. | E7: sql/02; DESIGN_v9.md section 4 | F7: 1 | K7: Not started | N7: =IF(K7="Done","Done",IF(AND(IF(F7="",TRUE(),IFERROR(INDEX($K$5:$K$21,MATCH(F7,$A$5:$A$21,0))="Done",FALSE())),IF(G7="",TRUE(),IFERROR(INDEX($K$5:$K$21,MATCH(G7,$A$5:$A$21,0))="Done",FALSE())),IF(H7="",TRUE(),IFERROR(INDEX($K$5:$K$21,MATCH(H7,$A$5:$A$21,0))="Done",FALSE())),IF(I7="",TRUE(),IFERROR(INDEX($K$5:$K$21,MATCH(I7,$A$5:$A$21,0))="Done",FALSE()))),"Ready","Waiting")) -> Waiting
A8: 4 | B8: A. Platform setup | C8: ADLS and Unity Catalog storage | D8: Storage credential (Access Connector) and external location created. READ FILES granted to all four Job identities. Storage firewall and serverless network access configured. Leaf-path read validated as the loader identity. | E8: WHERE_TO_ENTER_VALUES.md (external location) | F8: 1 | K8: Not started | N8: =IF(K8="Done","Done",IF(AND(IF(F8="",TRUE(),IFERROR(INDEX($K$5:$K$21,MATCH(F8,$A$5:$A$21,0))="Done",FALSE())),IF(G8="",TRUE(),IFERROR(INDEX($K$5:$K$21,MATCH(G8,$A$5:$A$21,0))="Done",FALSE())),IF(H8="",TRUE(),IFERROR(INDEX($K$5:$K$21,MATCH(H8,$A$5:$A$21,0))="Done",FALSE())),IF(I8="",TRUE(),IFERROR(INDEX($K$5:$K$21,MATCH(I8,$A$5:$A$21,0))="Done",FALSE()))),"Ready","Waiting")) -> Waiting
A9: 5 | B9: A. Platform setup | C9: Control host | D9: Python 3.9+, ODBC Driver 18 and requirements.txt installed. Databricks unified authentication and DefaultAzureCredential working. Host can read/list staging and create job manifests under _manifests/. | E9: README.md step 2; requirements.txt | F9: 1 | K9: Not started | N9: =IF(K9="Done","Done",IF(AND(IF(F9="",TRUE(),IFERROR(INDEX($K$5:$K$21,MATCH(F9,$A$5:$A$21,0))="Done",FALSE())),IF(G9="",TRUE(),IFERROR(INDEX($K$5:$K$21,MATCH(G9,$A$5:$A$21,0))="Done",FALSE())),IF(H9="",TRUE(),IFERROR(INDEX($K$5:$K$21,MATCH(H9,$A$5:$A$21,0))="Done",FALSE())),IF(I9="",TRUE(),IFERROR(INDEX($K$5:$K$21,MATCH(I9,$A$5:$A$21,0))="Done",FALSE()))),"Ready","Waiting")) -> Waiting
A10: 6 | B10: B. Inventory and deployment | C10: First-wave inventory | D10: Mappings generated and exceptions reviewed. profile_thresholds added by hand, then profiled. REPLACE_TABLE / RELEASE_POINTER and groups chosen. Every <...> value filled. Versioned config.json saved on the control host. | E10: generate_mappings.py, profile_inventory.py, source_metadata.py | F10: 3 | G10: 5 | K10: Not started | N10: =IF(K10="Done","Done",IF(AND(IF(F10="",TRUE(),IFERROR(INDEX($K$5:$K$21,MATCH(F10,$A$5:$A$21,0))="Done",FALSE())),IF(G10="",TRUE(),IFERROR(INDEX($K$5:$K$21,MATCH(G10,$A$5:$A$21,0))="Done",FALSE())),IF(H10="",TRUE(),IFERROR(INDEX($K$5:$K$21,MATCH(H10,$A$5:$A$21,0))="Done",FALSE())),IF(I10="",TRUE(),IFERROR(INDEX($K$5:$K$21,MATCH(I10,$A$5:$A$21,0))="Done",FALSE()))),"Ready","Waiting")) -> Waiting
A11: 7 | B11: B. Inventory and deployment | C11: Render and apply setup SQL | D11: render_setup.py run. azure_sql_seed.sql applied in Azure SQL; unity_catalog_setup.sql applied on a SQL warehouse. Governed policies applied to physical tables. | E11: render_setup.py; README.md step 5 | F11: 2 | G11: 6 | K11: Not started | N11: =IF(K11="Done","Done",IF(AND(IF(F11="",TRUE(),IFERROR(INDEX($K$5:$K$21,MATCH(F11,$A$5:$A$21,0))="Done",FALSE())),IF(G11="",TRUE(),IFERROR(INDEX($K$5:$K$21,MATCH(G11,$A$5:$A$21,0))="Done",FALSE())),IF(H11="",TRUE(),IFERROR(INDEX($K$5:$K$21,MATCH(H11,$A$5:$A$21,0))="Done",FALSE())),IF(I11="",TRUE(),IFERROR(INDEX($K$5:$K$21,MATCH(I11,$A$5:$A$21,0))="Done",FALSE()))),"Ready","Waiting")) -> Waiting
A12: 8 | B12: B. Inventory and deployment | C12: Databricks Jobs and Copy pipeline | D12: Four serverless Jobs created: auto-optimization off, timeout <= 7,200 s, concurrent runs >= worker limits, manifest parameters with empty defaults. Job IDs in config. Copy pipeline deployed only if COPY_ACTIVITY is used. | E12: WHERE_TO_ENTER_VALUES.md (Jobs); deploy_synapse_pipeline.py | F12: 1 | G12: 4 | H12: 6 | K12: Not started | N12: =IF(K12="Done","Done",IF(AND(IF(F12="",TRUE(),IFERROR(INDEX($K$5:$K$21,MATCH(F12,$A$5:$A$21,0))="Done",FALSE())),IF(G12="",TRUE(),IFERROR(INDEX($K$5:$K$21,MATCH(G12,$A$5:$A$21,0))="Done",FALSE())),IF(H12="",TRUE(),IFERROR(INDEX($K$5:$K$21,MATCH(H12,$A$5:$A$21,0))="Done",FALSE())),IF(I12="",TRUE(),IFERROR(INDEX($K$5:$K$21,MATCH(I12,$A$5:$A$21,0))="Done",FALSE()))),"Ready","Waiting")) -> Waiting
A13: 9 | B13: C. Controls left to you | C13: Upstream scheduler integration | D13: Existing Synapse transformations wrapped with write-start, upstream_audit.py, write-close and bridge-hold. Every source writer identity listed. Permissions that bypass the fence removed. | E13: fence.py; upstream_audit.py; IMPLEMENTATION_STATUS.md (fence) | F13: 2 | G13: 3 | K13: Not started | N13: =IF(K13="Done","Done",IF(AND(IF(F13="",TRUE(),IFERROR(INDEX($K$5:$K$21,MATCH(F13,$A$5:$A$21,0))="Done",FALSE())),IF(G13="",TRUE(),IFERROR(INDEX($K$5:$K$21,MATCH(G13,$A$5:$A$21,0))="Done",FALSE())),IF(H13="",TRUE(),IFERROR(INDEX($K$5:$K$21,MATCH(H13,$A$5:$A$21,0))="Done",FALSE())),IF(I13="",TRUE(),IFERROR(INDEX($K$5:$K$21,MATCH(I13,$A$5:$A$21,0))="Done",FALSE()))),"Ready","Waiting")) -> Waiting
A14: 10 | B14: C. Controls left to you | C14: Independent source detectors | D14: Monitoring produces fence_evidence.json with five checks, each with an evidence URI: all_source_requests_terminal, no_source_retry_needed, audit_healthy, no_fence_violation, smoke_check_passed. | E14: fence.py bridge-release; IMPLEMENTATION_STATUS.md | F14: 9 | K14: Not started | N14: =IF(K14="Done","Done",IF(AND(IF(F14="",TRUE(),IFERROR(INDEX($K$5:$K$21,MATCH(F14,$A$5:$A$21,0))="Done",FALSE())),IF(G14="",TRUE(),IFERROR(INDEX($K$5:$K$21,MATCH(G14,$A$5:$A$21,0))="Done",FALSE())),IF(H14="",TRUE(),IFERROR(INDEX($K$5:$K$21,MATCH(H14,$A$5:$A$21,0))="Done",FALSE())),IF(I14="",TRUE(),IFERROR(INDEX($K$5:$K$21,MATCH(I14,$A$5:$A$21,0))="Done",FALSE()))),"Ready","Waiting")) -> Waiting
A15: 11 | B15: C. Controls left to you | C15: Policy and consumer readiness tests | D15: Tests run under the correct restricted identities and produce publication_evidence.json from real results (never hand-entered true values). | E15: publish_run.py; README.md (evidence file formats) | F15: 7 | K15: Not started | N15: =IF(K15="Done","Done",IF(AND(IF(F15="",TRUE(),IFERROR(INDEX($K$5:$K$21,MATCH(F15,$A$5:$A$21,0))="Done",FALSE())),IF(G15="",TRUE(),IFERROR(INDEX($K$5:$K$21,MATCH(G15,$A$5:$A$21,0))="Done",FALSE())),IF(H15="",TRUE(),IFERROR(INDEX($K$5:$K$21,MATCH(H15,$A$5:$A$21,0))="Done",FALSE())),IF(I15="",TRUE(),IFERROR(INDEX($K$5:$K$21,MATCH(I15,$A$5:$A$21,0))="Done",FALSE()))),"Ready","Waiting")) -> Waiting
A16: 12 | B16: C. Controls left to you | C16: Gaps needed only for your data | D16: Decision recorded for each: empty-result publication, TIME / time-zone / ancient-date / nested / LOB handling, staging quarantine and legal holds, rollback runbook (rollback is manual). | E16: IMPLEMENTATION_STATUS.md (not implemented rows) | F16: 6 | K16: Not started | N16: =IF(K16="Done","Done",IF(AND(IF(F16="",TRUE(),IFERROR(INDEX($K$5:$K$21,MATCH(F16,$A$5:$A$21,0))="Done",FALSE())),IF(G16="",TRUE(),IFERROR(INDEX($K$5:$K$21,MATCH(G16,$A$5:$A$21,0))="Done",FALSE())),IF(H16="",TRUE(),IFERROR(INDEX($K$5:$K$21,MATCH(H16,$A$5:$A$21,0))="Done",FALSE())),IF(I16="",TRUE(),IFERROR(INDEX($K$5:$K$21,MATCH(I16,$A$5:$A$21,0))="Done",FALSE()))),"Ready","Waiting")) -> Waiting
A17: 13 | B17: D. Platform testing | C17: End-to-end acceptance run | D17: One small wave runs nightly sequence end to end. Tested: values containing |, ", CR and LF; Copy Activity null and type behaviour; midnight-UTC date narrowing; managed-identity credential. | E17: README.md 'Also noted'; IMPLEMENTATION_STATUS.md v9.5.7 | F17: 8 | G17: 9 | H17: 10 | I17: 11 | K17: Not started | N17: =IF(K17="Done","Done",IF(AND(IF(F17="",TRUE(),IFERROR(INDEX($K$5:$K$21,MATCH(F17,$A$5:$A$21,0))="Done",FALSE())),IF(G17="",TRUE(),IFERROR(INDEX($K$5:$K$21,MATCH(G17,$A$5:$A$21,0))="Done",FALSE())),IF(H17="",TRUE(),IFERROR(INDEX($K$5:$K$21,MATCH(H17,$A$5:$A$21,0))="Done",FALSE())),IF(I17="",TRUE(),IFERROR(INDEX($K$5:$K$21,MATCH(I17,$A$5:$A$21,0))="Done",FALSE()))),"Ready","Waiting")) -> Waiting
A18: 14 | B18: D. Platform testing | C18: Concurrency and recovery on the platform | D18: Proven: Delta row-level concurrency and conflict exception names in publish.py; Azure SQL row locks; Synapse etag / async behaviour; MANAGE + CREATE TABLE enough for CREATE OR REPLACE TABLE; timeout and takeover; recovery drills R1 to R4. | E18: IMPLEMENTATION_STATUS.md v9.5.2 to v9.5.8; README.md | F18: 13 | K18: Not started | N18: =IF(K18="Done","Done",IF(AND(IF(F18="",TRUE(),IFERROR(INDEX($K$5:$K$21,MATCH(F18,$A$5:$A$21,0))="Done",FALSE())),IF(G18="",TRUE(),IFERROR(INDEX($K$5:$K$21,MATCH(G18,$A$5:$A$21,0))="Done",FALSE())),IF(H18="",TRUE(),IFERROR(INDEX($K$5:$K$21,MATCH(H18,$A$5:$A$21,0))="Done",FALSE())),IF(I18="",TRUE(),IFERROR(INDEX($K$5:$K$21,MATCH(I18,$A$5:$A$21,0))="Done",FALSE()))),"Ready","Waiting")) -> Waiting
A19: 15 | B19: D. Platform testing | C19: Performance and SLO benchmarking | D19: Representative full-volume objects and the full estate benchmarked. Worker and class limits and Job concurrent-run limits tuned. | E19: IMPLEMENTATION_STATUS.md (Throughput/SLO) | F19: 13 | K19: Not started | N19: =IF(K19="Done","Done",IF(AND(IF(F19="",TRUE(),IFERROR(INDEX($K$5:$K$21,MATCH(F19,$A$5:$A$21,0))="Done",FALSE())),IF(G19="",TRUE(),IFERROR(INDEX($K$5:$K$21,MATCH(G19,$A$5:$A$21,0))="Done",FALSE())),IF(H19="",TRUE(),IFERROR(INDEX($K$5:$K$21,MATCH(H19,$A$5:$A$21,0))="Done",FALSE())),IF(I19="",TRUE(),IFERROR(INDEX($K$5:$K$21,MATCH(I19,$A$5:$A$21,0))="Done",FALSE()))),"Ready","Waiting")) -> Waiting
A20: 16 | B20: E. Operations handover | C20: Scheduling, monitoring and runbooks | D20: Nightly sequence and weekly retention scheduled. Alerting in place. Runbooks written for R1 to R4 and rollback. | E20: SCRIPT_GUIDE.md Phase C and D | F20: 14 | G20: 15 | K20: Not started | N20: =IF(K20="Done","Done",IF(AND(IF(F20="",TRUE(),IFERROR(INDEX($K$5:$K$21,MATCH(F20,$A$5:$A$21,0))="Done",FALSE())),IF(G20="",TRUE(),IFERROR(INDEX($K$5:$K$21,MATCH(G20,$A$5:$A$21,0))="Done",FALSE())),IF(H20="",TRUE(),IFERROR(INDEX($K$5:$K$21,MATCH(H20,$A$5:$A$21,0))="Done",FALSE())),IF(I20="",TRUE(),IFERROR(INDEX($K$5:$K$21,MATCH(I20,$A$5:$A$21,0))="Done",FALSE()))),"Ready","Waiting")) -> Waiting
A21: 17 | B21: E. Operations handover | C21: Fix package documentation | D21: profile_thresholds statement in WHERE_TO_ENTER_VALUES.md corrected, or the block added to config.example.json. | E21: WHERE_TO_ENTER_VALUES.md; config.example.json | K21: Not started | N21: =IF(K21="Done","Done",IF(AND(IF(F21="",TRUE(),IFERROR(INDEX($K$5:$K$21,MATCH(F21,$A$5:$A$21,0))="Done",FALSE())),IF(G21="",TRUE(),IFERROR(INDEX($K$5:$K$21,MATCH(G21,$A$5:$A$21,0))="Done",FALSE())),IF(H21="",TRUE(),IFERROR(INDEX($K$5:$K$21,MATCH(H21,$A$5:$A$21,0))="Done",FALSE())),IF(I21="",TRUE(),IFERROR(INDEX($K$5:$K$21,MATCH(I21,$A$5:$A$21,0))="Done",FALSE()))),"Ready","Waiting")) -> Ready

Sheet Summary
A1: Progress summary
A3: Group | B3: Tasks | C3: Not started | D3: In progress | E3: Blocked | F3: Done | G3: % done | H3: Ready to start
A4: A. Platform setup | B4: =COUNTIF(Tracker!$B$5:$B$21,A4) -> 5 | C4: =COUNTIFS(Tracker!$B$5:$B$21,$A4,Tracker!$K$5:$K$21,"Not started") -> 5 | D4: =COUNTIFS(Tracker!$B$5:$B$21,$A4,Tracker!$K$5:$K$21,"In progress") -> 0 | E4: =COUNTIFS(Tracker!$B$5:$B$21,$A4,Tracker!$K$5:$K$21,"Blocked") -> 0 | F4: =COUNTIFS(Tracker!$B$5:$B$21,$A4,Tracker!$K$5:$K$21,"Done") -> 0 | G4: =IF(B4=0,0,F4/B4) -> 0 | H4: =COUNTIFS(Tracker!$B$5:$B$21,$A4,Tracker!$N$5:$N$21,"Ready") -> 1
A5: B. Inventory and deployment | B5: =COUNTIF(Tracker!$B$5:$B$21,A5) -> 3 | C5: =COUNTIFS(Tracker!$B$5:$B$21,$A5,Tracker!$K$5:$K$21,"Not started") -> 3 | D5: =COUNTIFS(Tracker!$B$5:$B$21,$A5,Tracker!$K$5:$K$21,"In progress") -> 0 | E5: =COUNTIFS(Tracker!$B$5:$B$21,$A5,Tracker!$K$5:$K$21,"Blocked") -> 0 | F5: =COUNTIFS(Tracker!$B$5:$B$21,$A5,Tracker!$K$5:$K$21,"Done") -> 0 | G5: =IF(B5=0,0,F5/B5) -> 0 | H5: =COUNTIFS(Tracker!$B$5:$B$21,$A5,Tracker!$N$5:$N$21,"Ready") -> 0
A6: C. Controls left to you | B6: =COUNTIF(Tracker!$B$5:$B$21,A6) -> 4 | C6: =COUNTIFS(Tracker!$B$5:$B$21,$A6,Tracker!$K$5:$K$21,"Not started") -> 4 | D6: =COUNTIFS(Tracker!$B$5:$B$21,$A6,Tracker!$K$5:$K$21,"In progress") -> 0 | E6: =COUNTIFS(Tracker!$B$5:$B$21,$A6,Tracker!$K$5:$K$21,"Blocked") -> 0 | F6: =COUNTIFS(Tracker!$B$5:$B$21,$A6,Tracker!$K$5:$K$21,"Done") -> 0 | G6: =IF(B6=0,0,F6/B6) -> 0 | H6: =COUNTIFS(Tracker!$B$5:$B$21,$A6,Tracker!$N$5:$N$21,"Ready") -> 0
A7: D. Platform testing | B7: =COUNTIF(Tracker!$B$5:$B$21,A7) -> 3 | C7: =COUNTIFS(Tracker!$B$5:$B$21,$A7,Tracker!$K$5:$K$21,"Not started") -> 3 | D7: =COUNTIFS(Tracker!$B$5:$B$21,$A7,Tracker!$K$5:$K$21,"In progress") -> 0 | E7: =COUNTIFS(Tracker!$B$5:$B$21,$A7,Tracker!$K$5:$K$21,"Blocked") -> 0 | F7: =COUNTIFS(Tracker!$B$5:$B$21,$A7,Tracker!$K$5:$K$21,"Done") -> 0 | G7: =IF(B7=0,0,F7/B7) -> 0 | H7: =COUNTIFS(Tracker!$B$5:$B$21,$A7,Tracker!$N$5:$N$21,"Ready") -> 0
A8: E. Operations handover | B8: =COUNTIF(Tracker!$B$5:$B$21,A8) -> 2 | C8: =COUNTIFS(Tracker!$B$5:$B$21,$A8,Tracker!$K$5:$K$21,"Not started") -> 2 | D8: =COUNTIFS(Tracker!$B$5:$B$21,$A8,Tracker!$K$5:$K$21,"In progress") -> 0 | E8: =COUNTIFS(Tracker!$B$5:$B$21,$A8,Tracker!$K$5:$K$21,"Blocked") -> 0 | F8: =COUNTIFS(Tracker!$B$5:$B$21,$A8,Tracker!$K$5:$K$21,"Done") -> 0 | G8: =IF(B8=0,0,F8/B8) -> 0 | H8: =COUNTIFS(Tracker!$B$5:$B$21,$A8,Tracker!$N$5:$N$21,"Ready") -> 1
A9: Total | B9: =SUM(B4:B8) -> 17 | C9: =SUM(C4:C8) -> 17 | D9: =SUM(D4:D8) -> 0 | E9: =SUM(E4:E8) -> 0 | F9: =SUM(F4:F8) -> 0 | G9: =IF(B9=0,0,F9/B9) -> 0 | H9: =SUM(H4:H8) -> 2
A11: Critical path
A12: 1 → 2 / 3 / 4 → 6 → 7 → 8 → 9 → 13 → 14 → 16
A13: Start 10 and 11 early: they depend on your own monitoring and governance tools.

Sheet Legend
A1: How to use this tracker
A3: Yellow cells | B3: The only cells to edit: Owner, Status, Start date, Target date, Notes / risks (Tracker tab).
A4: Status | B4: Pick from the list: Not started, In progress, Blocked, Done.
A5: Dep 1 to Dep 4 | B5: Task IDs that must be Done first. You can change them; Readiness follows.
A6: Readiness | B6: Formula. Ready = every dependency is Done. Waiting = at least one is not. Done = this task is Done.
A7: Target date | B7: Shown in red when it has passed and the task is not Done.
A8: Summary tab | B8: Counts and % done per group update from the Status column.
A9: Source | B9: Tasks come from the package's IMPLEMENTATION_STATUS.md, README.md and WHERE_TO_ENTER_VALUES.md (v9.5.8).
A11: Example row (format only) | B11: Owner: Priya S. | Status: In progress | Start date: 28-Sep-2026 | Target date: 02-Oct-2026 | Notes: Waiting on firewall change CHG-1234
